month,author_name,commits
2022-10,Olivier Liechti,2
2022-10,Harry Hogg,24
2022-10,marcofaggian,1
2022-10,renovate[bot],22
2022-10,Andre Wanlin,1
2022-10,Patrik Oldsberg,5
2022-10,Patrick Jungermann,5
2022-10,github-actions[bot],2
2022-10,Boris Bera,6
2022-10,Harrison Hogg,5
2022-10,Fredrik Adel√∂w,5
2022-10,blam,14
2022-10,Mengnan Gong,1
2022-10,Axel Hecht,2
2022-10,Morgan,3
2022-10,Camila Belo,15
2022-10,MT Lewis,1
2022-10,Alex Crome,1
2022-10,bnechyporenko,4
2022-10,andrmaz,5
2022-10,Ben Lambert,3
2022-10,Nishkarsh Raj,1
2022-10,Willy Guggenheim,1
2022-10,Kiss Miklos,16
2022-10,Paul Cowan,10
2022-10,Paul,3
2022-10,Jamie Klassen,1
2022-10,Daniel Albuquerque,1
2022-10,Jan Vilimek,3
2022-10,Arthur Gavlyukovskiy,7
2022-10,Peter Macdonald,4
2022-10,Bret Hubbard,1
2022-10,martincostello,1
2022-10,Niklas Aronsson,1
2022-10,Tom√°s Mota,1
2022-10,David Zemon,1
2022-10,Mehmet Mallƒ±,1
2022-10,hram_wh,1
2022-10,Carlos Esteban Lopez Jaramillo,5
2022-10,Carlos Esteban Lopez,1
2022-10,Jason Nguyen,4
2022-10,Bruno E. Grossi,2
2022-10,Francesco Saltori,1
2022-10,Mikl√≥s Kiss,1
2022-10,Ankit Luthra,1
2022-10,Vincenzo Scamporlino,1
2022-10,Bogdan Nechyporenko,1
2022-10,Amresh Hanoeman,1
2022-10,Bradley Grainger,1
2022-10,Matthew Clarke,1
2022-10,Crevil,2
2022-09,blam,33
2022-09,Frida Jacobsson,1
2022-09,Patrick Jungermann,4
2022-09,Niklas Aronsson,2
2022-09,Harry Hogg,5
2022-09,Camila Belo,8
2022-09,Emma Indal,8
2022-09,bnechyporenko,23
2022-09,andreizimin,1
2022-09,Francesco Saltori,4
2022-09,Patrik Oldsberg,126
2022-09,Pascal Wallenius,1
2022-09,Leonardo Cardoso de Almeida,5
2022-09,Mitchell Hentges,3
2022-09,Ankit Luthra,2
2022-09,renovate[bot],84
2022-09,Kiss Miklos,34
2022-09,Fredrik Adel√∂w,29
2022-09,Phil Kuang,6
2022-09,Eric Peterson,3
2022-09,Bogdan Nechyporenko,1
2022-09,ivgo,3
2022-09,Carlos Esteban Lopez,12
2022-09,Pedro Nastasi,3
2022-09,Matteo Silvestri,10
2022-09,Alex Rybchenko,1
2022-09,Nishkarsh Raj,3
2022-09,Leonardo Maier,10
2022-09,NishkarshRaj,2
2022-09,Jussi Hallila,7
2022-09,Crevil,2
2022-09,hram_wh,6
2022-09,Carlos Esteban Lopez Jaramillo,4
2022-09,Alessandro Dalfovo,1
2022-09,github-actions[bot],5
2022-09,Clemens Stefan Heithecker,5
2022-09,Ahmed,1
2022-09,Clemens S. Heithecker,7
2022-09,Matthew Clarke,9
2022-09,ahmed,3
2022-09,Jan Vilimek,3
2022-09,Willy Go,3
2022-09,Axel Hecht,2
2022-09,Taras,15
2022-09,Brian Fletcher,9
2022-09,Taras Mankovski,4
2022-09,MT Lewis,1
2022-09,Alisson Fabiano,6
2022-09,Joon Park,6
2022-09,Prasetya Aria Wibawa,2
2022-09,Paul Cowan,8
2022-09,Paul,1
2022-09,OscarDHdz,6
2022-09,Tom√°≈° Tunkl,8
2022-09,TANGUY Antoine (SIB),2
2022-09,Suzanne Daniels,1
2022-09,Gabriel Testault,1
2022-09,Christian Marker / Intility AS,16
2022-09,Leena,3
2022-09,Marcus Eide,4
2022-09,Tim Jacomb,7
2022-09,Ben Lambert,2
2022-09,Niels Henrik Hagen,1
2022-09,David Zemon,4
2022-09,Mengnan Gong,1
2022-09,Dominik Schwank,6
2022-09,Magnus Persson,2
2022-09,Callen Barton,1
2022-09,Tomasz Szuba,1
2022-09,Jake Crews,3
2022-09,Samba siva Tiyyagura,1
2022-09,jspc,1
2022-09,andrmaz,2
2022-09,Marcus Crane,2
2022-09,Andre Wanlin,1
2022-09,Michael Stergianis,1
2022-09,sblausten,2
2022-09,Jos√© Rosado,1
2022-09,Vladimir Masarik,8
2022-09,John Kilmister,2
2022-09,Tom√°s Mota,1
2022-09,Martin Ehrnst,2
2022-09,mufaddal motiwala,3
2022-09,Joe Patterson,9
2022-09,Alex Crome,11
2022-09,Simone Corsi,2
2022-09,Luka Siric,10
2022-09,Tyler Davis,1
2022-09,Nick Marinelli,3
2022-09,Tomas Aschan,8
2022-09,maaheeb,1
2022-09,Pascal Haakmat,7
2022-09,Robert Schuh,5
2022-09,drankou,1
2022-09,Everson Crusara,1
2022-08,blam,86
2022-08,Niklas Aronsson,1
2022-08,Crevil,4
2022-08,OscarDHdz,1
2022-08,Paul Cowan,18
2022-08,Dominik Schwank,1
2022-08,Antonio Musolino,2
2022-08,Patrik Oldsberg,128
2022-08,Camila Belo,9
2022-08,renovate[bot],205
2022-08,Carlos Esteban Lopez,4
2022-08,Luka Siric,7
2022-08,Johan Haals,36
2022-08,Ben Lambert,7
2022-08,Axel Hecht,3
2022-08,Brian Fletcher,18
2022-08,Fredrik Adel√∂w,59
2022-08,Gudmundur Orn Johannsson,2
2022-08,Carlos Esteban Lopez Jaramillo,8
2022-08,Jen Evans,1
2022-08,aarontsharp,3
2022-08,Eric Peterson,2
2022-08,github-actions[bot],6
2022-08,Matteo Silvestri,4
2022-08,Charles Lowell,1
2022-08,Jake Crews,10
2022-08,Tim Buchwaldt,1
2022-08,Kiss Miklos,4
2022-08,Alisson Fabiano,19
2022-08,Marcus Crane,14
2022-08,Nick Marinelli,3
2022-08,Levy Fialho,3
2022-08,Peter Macdonald,4
2022-08,Phil Kuang,2
2022-08,Eric Bottard,1
2022-08,Tom√°≈° Tunkl,3
2022-08,gtestault,1
2022-08,Gabriel Testault,2
2022-08,Niek te Grootenhuis,7
2022-08,Jussi Hallila,4
2022-08,Seow Wen Han,2
2022-08,Tyler Davis,6
2022-08,Jason Nguyen,1
2022-08,St√©phane MORI,3
2022-08,James Turley,1
2022-08,kielosz,12
2022-08,Emma Indal,6
2022-08,Daniel Dias Branco Arthaud,11
2022-08,John Philip,3
2022-08,Joao Paulo Moreira Antunes,1
2022-08,Tim Jacomb,2
2022-08,Andre Wanlin,10
2022-08,Tomasz Szuba,2
2022-08,Leon van Ginneken,8
2022-08,Isaiah Thiessen,7
2022-08,TANGUY Antoine (SIB),1
2022-08,Kamil Wolny,21
2022-08,Feanil Patel,1
2022-08,Tim Harris,6
2022-08,Robert Cen,3
2022-08,Alex Crome,4
2022-08,Mattias Frinnstr√∂m,1
2022-08,Bruce Arctor,1
2022-08,Vincent Lam,1
2022-08,Adam Harvey,1
2022-08,Paulo Peixoto,4
2022-08,Salomon Moreno,1
2022-08,Jeff Feng,1
2022-08,Leonardo Borges Avelino,1
2022-08,Francesco Saltori,8
2022-08,Martin Ehrnst,1
2022-08,Alessandro Dalfovo,1
2022-08,Otto Nordander,1
2022-08,Gary Niemen,1
2022-08,Vincenzo Scamporlino,2
2022-08,Andres Mauricio Gomez P,1
2022-08,Tihomir Yordanov,2
2022-08,Brad Reed,1
2022-08,bnechyporenko,8
2022-08,Brad Reed üòé,3
2022-08,Neemys,7
2022-08,Mathias Geat,3
2022-08,Joon Park,1
2022-07,Phil Kuang,1
2022-07,Patrik Oldsberg,50
2022-07,blam,50
2022-07,Andre Wanlin,9
2022-07,Andres Mauricio Gomez P,3
2022-07,Otto Nordander,2
2022-07,renovate[bot],207
2022-07,Jamie Klassen,6
2022-07,Kamil Wolny,11
2022-07,Neemys,18
2022-07,Iswariya Manivannan,1
2022-07,Himanshu Mishra,5
2022-07,Renlord Yang,5
2022-07,Matteo Silvestri,8
2022-07,brentg-telus,8
2022-07,Vincenzo Scamporlino,4
2022-07,Brian Fletcher,14
2022-07,Diego Bardari,2
2022-07,Charge71,2
2022-07,Ben Lambert,9
2022-07,Miguel Alexandre,3
2022-07,Crevil,11
2022-07,Jonathan Stacks,2
2022-07,Damola Obaleke,2
2022-07,Tim Hansen,1
2022-07,√ñmer Faruk Doƒüan,1
2022-07,Leo Li,2
2022-07,Parth Shukla,1
2022-07,Peiman Jafari,1
2022-07,Andrea Giannantonio,1
2022-07,Lucas Teligioridis,2
2022-07,Jake Crews,17
2022-07,github-actions[bot],4
2022-07,Raffi Tamizian,1
2022-07,Patrick Jungermann,9
2022-07,Manuel Stein,4
2022-07,Matt Mulligan,2
2022-07,Niall McCullagh,1
2022-07,Natalya Peixoto,1
2022-07,Eric Voshall,2
2022-07,Alex Rybchenko,6
2022-07,Namco,1
2022-07,Andrew Duckett,1
2022-07,Isaiah Thiessen,1
2022-07,Trevor Hartman,1
2022-07,Oliver Sand,1
2022-07,Ryan Brink,20
2022-07,Gio,2
2022-07,Niya Ma,4
2022-07,Thomas Cardonne,4
2022-07,Antonio Musolino,4
2022-07,dependabot[bot],2
2022-07,gabrielucido,2
2022-07,bnechyporenko,33
2022-07,Lilly Holden,8
2022-07,Patrice Chalin,3
2022-07,Michael Short,3
2022-07,Erick Sposito,3
2022-07,ahmed,11
2022-07,Kiss Miklos,24
2022-07,Eric Peterson,2
2022-07,Emma Indal,6
2022-07,Alex Crome,6
2022-07,Marco Crivellaro,4
2022-07,Camila Belo,11
2022-07,Niklas Aronsson,1
2022-07,kjuulh,4
2022-07,Stephan Schielke,2
2022-07,Jonah Back,7
2022-07,Mengnan Gong,1
2022-07,Dede Hamzah,4
2022-07,elonj,3
2022-07,goenning,1
2022-07,Omar Babativa,1
2022-07,Manuel Ca√±ete,10
2022-07,Hasan Oezdemir,5
2022-07,Michael Lima,1
2022-07,Marc Rooding,6
2022-07,Johan Haals,11
2022-07,Manuel CanÃÉete,1
2022-07,Camila Maia,1
2022-07,Dang Huynh,2
2022-07,Callen Barton,4
2022-07,Fredrik Adel√∂w,4
2022-07,Julius Berger,3
2022-07,Matthew Clarke,2
2022-07,David Zemon,2
2022-07,Jonathan Ash,1
2022-07,sblausten,11
2022-07,Carlo Giuseppe Sergi,1
2022-07,Cory Fisher,1
2022-07,Sam Blausten,1
2022-07,Joost Hofman,6
2022-07,patrickalvesvv,1
2022-07,7Hazard,1
2022-07,Herman Jensen,1
2022-07,Jens M√∏ller,1
2022-07,Andrew Thauer,1
2022-05,Patrik Oldsberg,69
2022-05,blam,51
2022-05,Aisha Saini,5
2022-05,Tim Hansen,2
2022-05,Camila Belo,50
2022-05,Emma Indal,5
2022-05,Alec Jacobs,18
2022-05,Maximilian Ressel,1
2022-05,Michael Haley,9
2022-05,ivgo,8
2022-05,Zee V. (Philip),2
2022-05,goenning,18
2022-05,Jason Nguyen,1
2022-05,Guillermo Manzo,1
2022-05,Isaiah Thiessen,4
2022-05,Joao Paulo Moreira Antunes,2
2022-05,Ben Lambert,2
2022-05,Ingmar van Dijk,3
2022-05,Francesco Saltori,8
2022-05,github-actions[bot],6
2022-05,bnechyporenko,17
2022-05,Hasan Oezdemir,3
2022-05,Jakub Cierlik,3
2022-05,Renovate Bot,152
2022-05,fabuloso,4
2022-05,TANGUY Antoine (SIB),1
2022-05,Leonardo Dagnino,1
2022-05,Chris Simmons,1
2022-05,svc.appcenter,1
2022-05,Leon,8
2022-05,Eric Peterson,24
2022-05,Jack Palmer,6
2022-05,Suzanne Daniels,2
2022-05,Renjie Xu,1
2022-05,Stefan Buck,1
2022-05,Phil Kuang,7
2022-05,Alex Crome,1
2022-05,Talita Gregory Nunes Freire,11
2022-05,Olivier Liechti,4
2022-05,Manuel Scurti,7
2022-05,Joon Park,2
2022-05,Brian Fletcher,8
2022-05,Jonah Back,1
2022-05,Christian Probst,1
2022-05,dependabot[bot],1
2022-05,Matt Ng,3
2022-05,Jonathan Sundquist,3
2022-05,Martina Iglesias Fernandez,1
2022-05,Samira Mokaram,2
2022-05,Johan Haals,25
2022-05,Gary Niemen,2
2022-05,Sebastian Olsson,1
2022-05,Ruslan.Nasyrov,4
2022-05,Matt Mulligan,1
2022-05,Minh Tr√≠,1
2022-05,David Giacomo,1
2022-05,Adam Harvey,1
2022-05,Joe Porpeglia,2
2022-05,blakeromano-il,6
2022-05,qu,1
2022-05,Antonio Musolino,2
2022-05,Patrick Jungermann,2
2022-05,Juan Pablo Garcia Ripa,2
2022-05,Sergey Shevchenko,2
2022-05,Alex Rybchenko,1
2022-05,Eric Voshall,7
2022-05,Charles Lowell,2
2022-05,Milos Protic,1
2022-05,Anders N√§sman,8
2022-05,Niklas Aronsson,1
2022-05,Drew Hill,1
2022-05,rthera7,1
2022-05,Christopher Fry,1
2022-05,Chris Trombley,1
2022-05,Michael Wizner,2
2022-05,Lauren Schaller,4
2022-05,Fredrik Adel√∂w,17
2022-05,Andrew Beveridge ‚òÑÔ∏è,1
2022-05,kim5566,1
2022-05,Joost Hofman,1
2022-05,Mark David Avery,8
2022-05,James Peach,1
2022-05,Daniel Bravo,3
2022-05,mo,20
2022-05,Guilherme Oenning,7
2022-05,Claudia Bressi,6
2022-05,Jan Brink,2
2022-05,Marcus Crane,1
2022-05,Francesco Corti,2
2022-05,Arik Smith,1
2022-05,renovate[bot],1
2022-05,Bridget Barnes,5
2022-05,Chris Nitsas,1
2022-05,Sami Farhat,1
2022-03,Patrik Oldsberg,168
2022-03,blam,121
2022-03,Andre Wanlin,22
2022-03,MT Lewis,26
2022-03,Joon Park,1
2022-03,Vincenzo Scamporlino,25
2022-03,Alex Rybchenko,13
2022-03,Andy Caruso,15
2022-03,Bridget Barnes,3
2022-03,djamaile,11
2022-03,Camila Belo,18
2022-03,Eric Peterson,19
2022-03,Anders N√§sman,5
2022-03,Emma Indal,34
2022-03,Luna Stadler,4
2022-03,Mike Lewis,27
2022-03,Joe Porpeglia,16
2022-03,Patrick Jungermann,9
2022-03,Phil Kuang,2
2022-03,Carlo Colombo,1
2022-03,dependabot[bot],89
2022-03,Julio Zynger,29
2022-03,Suzanne Daniels,13
2022-03,Taras,4
2022-03,sandra-greenhalgh,4
2022-03,Alex Crome,8
2022-03,Johan Haals,52
2022-03,Shailendra Ahir,10
2022-03,Frank Cycan,1
2022-03,LvffY,7
2022-03,Jussi Hallila,2
2022-03,TANGUY Antoine (SIB),1
2022-03,Fredrik Adel√∂w,84
2022-03,Marco Crivellaro,7
2022-03,Bret Hubbard,5
2022-03,Marley Powell,4
2022-03,Joel Cox,1
2022-03,mehmet.malli,1
2022-03,github-actions[bot],6
2022-03,Liam Mackie,2
2022-03,Esteban Torres,3
2022-03,Himanshu Mishra,2
2022-03,Taras Mankovski,2
2022-03,Jonathan Ash,7
2022-03,Sven Sander,2
2022-03,Simon Gellis,4
2022-03,Leon,2
2022-03,jv,1
2022-03,Simone Fumagalli,1
2022-03,Gediminas,1
2022-03,Matthew Clarke,1
2022-03,Andrew Thal,1
2022-03,Niklas Aronsson,6
2022-03,Prasetya Aria Wibawa,14
2022-03,Yousif Al-Raheem,13
2022-03,yousifalraheem,1
2022-03,Phil Gore,2
2022-03,Shivam bisht,6
2022-03,mufaddal motiwala,1
2022-03,Nicolas Arnold,1
2022-03,Karthik,1
2022-03,daftgopher,1
2022-03,Jo√£o Fernandes,1
2022-03,Manuel Stein,4
2022-03,irma12,4
2022-03,Tuan Anh Tran,1
2022-03,Marcus Crane,3
2022-03,AaronvDiepen,3
2022-03,Iain Billett,4
2022-03,Francesco Corti,1
2022-03,Peiman Jafari,11
2022-03,Vagner Guedes,1
2022-03,Ben Lambert,4
2022-03,DJDANNY123,1
2022-03,Kyle Smith,1
2022-03,Dominik Schwank,2
2022-03,Dimitris Apostolou,1
2022-03,Tim McFadden,2
2022-03,hwischnia,1
2022-03,Karan Shah,14
2022-03,Niek te Grootenhuis,1
2022-03,KaemonIsland,1
2022-03,mclarke,2
2022-03,Tim Hansen,2
2022-03,Charlie Rudenst√•l,1
2022-03,tim775,1
2022-03,Alisa Wong,2
2022-03,Kiss Miklos,5
2022-03,Andrew Shirley,1
2022-03,Simon Stamm,1
2022-03,Hasan Oezdemir,3
2022-03,Rob Cresswell,1
2022-03,Bruno Viana,1
2022-03,Diego Bardari,1
2022-03,slougheed,2
2022-03,Hasan Ozdemir,1
2022-03,Brian Fletcher,2
2022-03,Nikolas Skoufis,7
2022-03,Harry Hogg,1
2022-03,su-gupta,1
2022-03,Francesco Saltori,1
2022-03,Nik Skoufis,1
2022-04,Patrik Oldsberg,143
2022-04,blam,30
2022-04,David Weber,5
2022-04,Andre Wanlin,9
2022-04,Niklas Aronsson,7
2022-04,Rogerio Angeliski,10
2022-04,Eric Peterson,29
2022-04,Patrick Jungermann,14
2022-04,Talita Gregory Nunes Freire,10
2022-04,Camila Belo,13
2022-04,Anders N√§sman,26
2022-04,Phil Kuang,9
2022-04,Gary Niemen,2
2022-04,Daniel Bravo,1
2022-04,mo,7
2022-04,Johan Haals,54
2022-04,Claudia Bressi,2
2022-04,Hamza El Aoutar,6
2022-04,Renovate Bot,92
2022-04,St√©phane MORI,1
2022-04,Emma Indal,35
2022-04,Joe Porpeglia,21
2022-04,Vincenzo Scamporlino,13
2022-04,Joon Park,6
2022-04,Bridget Barnes,8
2022-04,Mehmet Mallƒ±,7
2022-04,Alex Taker,1
2022-04,Julio Zynger,8
2022-04,Fredrik Adel√∂w,28
2022-04,James Bourne,1
2022-04,Mark David Avery,1
2022-04,dependabot[bot],74
2022-04,Andy Ladjadj,1
2022-04,Guilherme Eric,3
2022-04,Rakesh Thera,4
2022-04,Taras,3
2022-04,Chris Trombley,8
2022-04,github-actions[bot],4
2022-04,Viktor Bahr,5
2022-04,shahar.shmaram,4
2022-04,Damien Vitrac,3
2022-04,kim5566,3
2022-04,Alex Rybchenko,1
2022-04,Kamal Cheriyath,1
2022-04,Cam Casher,3
2022-04,Lovie,1
2022-04,Jahred,1
2022-04,Aron Gates,2
2022-04,Shivam bisht,7
2022-04,Matthew Clarke,7
2022-04,Iv√°n √Ålvarez Fr√≠as,1
2022-04,Harry Hogg,2
2022-04,Andy Caruso,1
2022-04,sharadpattanshetti,1
2022-04,ivanhoe,1
2022-04,Tim Hansen,4
2022-04,djamaile,6
2022-04,skgandikota,5
2022-04,Otto Sichert,7
2022-04,Luna Stadler,3
2022-04,Jose Badeau,1
2022-04,Eric Fitzpatrick,3
2022-04,daftgopher,1
2022-04,LvffY,8
2022-04,Jason Nguyen,1
2022-04,Kiss Miklos,4
2022-04,Hasan Oezdemir,2
2022-04,Marley Powell,1
2022-04,Ray Abueg,1
2022-04,Majid Ramezanpour,1
2022-04,yousifalraheem,5
2022-04,Pedro Parra Ortega,5
2022-04,eskerda,1
2022-04,Liam Mackie,3
2022-04,Shadab Ansari,1
2022-04,Morgan Wigmanich,1
2022-04,sandra-greenhalgh,3
2022-06,blam,47
2022-06,Neemys,5
2022-06,Emma Indal,41
2022-06,Patrick Jungermann,6
2022-06,Renlord Yang,1
2022-06,Otto Sichert,9
2022-06,Johan Haals,14
2022-06,Fredrik Adel√∂w,19
2022-06,Patrik Oldsberg,55
2022-06,David Zemon,6
2022-06,Simone Corsi,1
2022-06,Linda Navarette,1
2022-06,renovate[bot],96
2022-06,Andrew Thauer,7
2022-06,Camila Belo,13
2022-06,David Weber,1
2022-06,Kiss Miklos,33
2022-06,Stein Welberg,2
2022-06,Matteo Silvestri,3
2022-06,planeiii,6
2022-06,sblausten,14
2022-06,Andre Wanlin,25
2022-06,David Rubio Vidal,2
2022-06,Isaiah Thiessen,19
2022-06,Jake Crews,1
2022-06,codermango,2
2022-06,Ke Ma,1
2022-06,Francesco Corti,1
2022-06,Nikolas Skoufis,1
2022-06,Henrique,1
2022-06,Patrick Schilling,1
2022-06,C√¥me Tresarrieu,5
2022-06,denis.fortin,4
2022-06,Joan Aym√†,4
2022-06,bnechyporenko,4
2022-06,Marco Crivellaro,8
2022-06,github-actions[bot],4
2022-06,Ankit Gupta,1
2022-06,Fabio Torchetti,6
2022-06,asaini1,2
2022-06,df11,1
2022-06,Eric Peterson,19
2022-06,NishkarshRaj,1
2022-06,Jonah Back,17
2022-06,Raghunandan,7
2022-06,sjeyaraman,9
2022-06,James Peach,1
2022-06,Erik Price,1
2022-06,Aisha Saini,1
2022-06,Tim Hansen,1
2022-06,Michael Haley,5
2022-06,Salomon Moreno,1
2022-06,Matt Mulligan,9
2022-06,Taras Mankovski,1
2022-06,Daniele.Mazzotta,14
2022-06,Jorge Lainfiesta,5
2022-06,Mattias Frinnstr√∂m,3
2022-06,Taras,2
2022-06,Julio Zynger,1
2022-06,Tomasz Szuba,1
2022-06,Andrea Giannantonio,1
2022-06,nguyentranbao-ct,1
2022-06,Adam Harvey,4
2022-06,Phil Kuang,6
2022-06,Clare Liguori,1
2022-06,Alex Rybchenko,5
2022-06,Himanshu Mishra,9
2022-06,Daniele Mazzotta,2
2022-06,"Carteni, Gabriele",1
2022-06,tomasrb,3
2022-06,Niklas Aronsson,2
2022-06,apacciaroni,1
2022-06,Vladimir Masarik,7
2022-06,Lilly Holden,2
2022-06,ivgo,18
2022-06,GoncÃßalo Marques,1
2022-06,Alec Jacobs,21
2022-06,Quentin Rousseau,3
2022-06,Kamil Wolny,1
2022-06,Nick Marinelli,5
2022-06,dependabot[bot],2
2022-06,Yaser Toutah,1
2022-06,Maixmilian Ressel,4
2022-06,Renovate Bot,120
2022-06,Matthew Clarke,1
2022-06,James Russo,6
2022-06,Olivier Liechti,11
2022-06,Talita Gregory,2
2022-06,djamaile,11
2022-06,√ñmer Faruk Doƒüan,1
2022-06,Binita Nayak,1
2022-06,jean-philippe.blary,1
2022-06,Raffi Tamizian,1
2022-06,Joon Park,1
2022-06,Pit Wegner,1
2022-06,Anders N√§sman,17
2022-06,Jussi Hallila,2
2022-06,Tate,1
2022-06,Christopher Klewin,2
2022-06,Kyle Smith,1
2022-06,Jan Socha,1
2022-06,fr0stf0x,1
2022-06,Julien Tanay,1
2022-06,Zee V. (Philip),4
2022-06,Sebastian Spier,1
2022-06,Jason Nguyen,1
2022-06,Mengnan Gong,1
2022-06,Danang,3
2022-06,Juan Pablo Garcia Ripa,1
2022-06,goenning,1
2022-06,dinesh-lendingkart,2
2022-06,kielosz,3
2022-06,Robert Cen,1
2022-02,Patrik Oldsberg,135
2022-02,blam,130
2022-02,Joe Porpeglia,12
2022-02,Joon Park,5
2022-02,Phil Kuang,3
2022-02,Ismail El Badawy,2
2022-02,Bret Hubbard,2
2022-02,Emma Indal,55
2022-02,Prasetya Aria Wibawa,10
2022-02,Naijith Gopal,2
2022-02,Phil Gore,2
2022-02,Jonathan Ash,7
2022-02,Patrick Jungermann,7
2022-02,dependabot[bot],102
2022-02,Julio Zynger,2
2022-02,Eric Peterson,20
2022-02,Fredrik Adel√∂w,74
2022-02,Jussi Hallila,4
2022-02,Mike Lewis,2
2022-02,Andy Tan,2
2022-02,Alex Rybchenko,12
2022-02,Johan Haals,78
2022-02,Karan Shah,62
2022-02,Camila Belo,17
2022-02,Nikolas Skoufis,4
2022-02,Hasan Oezdemir,4
2022-02,Jeremy Guarini,2
2022-02,Nicolas Arnold,3
2022-02,Niall McCullagh,1
2022-02,shyamajp,1
2022-02,Callen Barton,1
2022-02,Jen Evans,2
2022-02,Erik Larsson,1
2022-02,github-actions[bot],7
2022-02,Dede Hamzah,9
2022-02,Mike Ball,33
2022-02,Guilherme Oenning,4
2022-02,Francisco Ribas,1
2022-02,roylisto,2
2022-02,su-gupta,1
2022-02,Magnus Persson,1
2022-02,Zach Hammer,1
2022-02,Frank Cycan,1
2022-02,zoefkip,1
2022-02,Himanshu Mishra,9
2022-02,Saksham Sharma,3
2022-02,djamaile,8
2022-02,kim5566,8
2022-02,Ben Lambert,4
2022-02,Edgar Silva,4
2022-02,Trevor Hartman,3
2022-02,MT Lewis,4
2022-02,Lorenzo Orsatti,2
2022-02,Otto Sichert,1
2022-02,Brian Fletcher,16
2022-02,Tim Hansen,4
2022-02,Pawe≈Ç Wamej,2
2022-02,KaemonIsland,4
2022-02,Eugene Malihins,1
2022-02,irma12,3
2022-02,Steven Lougheed,1
2022-02,Danilo Cardoso,1
2022-02,Andre Wanlin,3
2022-02,Andrew Thauer,1
2022-02,Vincenzo Scamporlino,11
2022-02,gauthier-roebroeck-mox,1
2022-02,Andrew Basson,2
2022-02,Pawel Wamej,2
2022-02,David Dyball,1
2022-02,Kim Todd,1
2022-02,Mark Veronda,1
2022-02,Kiss Miklos,4
2022-02,Gustaf R√§ntil√§,8
2022-02,Sunil Kumar Mohanty,1
2022-02,Ryan Hanchett,1
2022-02,Daniel Deloff,1
2022-02,Richard Luong,1
2022-02,mufaddal motiwala,3
2022-02,Jahred Hope,1
2022-02,snehaljos,1
2022-02,Lyupcho Kotev,1
2022-02,Jonah Back,1
2022-02,K√©vin Gomez,3
2022-02,iammnils,1
2022-02,Gabriel Dantas,2
2022-02,Santiago Bernal,1
2022-02,andreizimin,1
2022-02,Damon Kaswell,1
2022-02,Lee Mills,1
2022-02,Marcus Eide,2
2022-02,Eoghan McIlwaine,2
2022-02,Adam Tester,1
2022-01,Patrik Oldsberg,189
2022-01,Gustaf R√§ntil√§,15
2022-01,Johan Haals,50
2022-01,Tim Hansen,2
2022-01,Eoghan McIlwaine,7
2022-01,Joon Park,14
2022-01,MT Lewis,42
2022-01,blam,158
2022-01,Eric Peterson,25
2022-01,Karan Shah,19
2022-01,Brian Fletcher,19
2022-01,Lee Mills,1
2022-01,dependabot[bot],90
2022-01,Andre Wanlin,10
2022-01,Fredrik Adel√∂w,63
2022-01,Crevil,3
2022-01,Elizabeth Stranack,6
2022-01,Jonathan Ash,1
2022-01,Philipp Hugenroth,11
2022-01,Paladetch Usavasereelert,3
2022-01,Mikko Korhonen,12
2022-01,Joe Porpeglia,23
2022-01,Marcos Borges,1
2022-01,Francesco Corti,24
2022-01,Radoslaw Wielonski,2
2022-01,github-actions[bot],5
2022-01,Mustansar Anwar ul Samad,1
2022-01,Colin Rymer,1
2022-01,elonj,7
2022-01,Jay Gabriels,9
2022-01,Bret Hubbard,4
2022-01,Daniel Tibbing,2
2022-01,Emma Indal,5
2022-01,Colton Padden,10
2022-01,Alef,9
2022-01,Vincenzo Scamporlino,8
2022-01,Otto Sichert,1
2022-01,Tracey,3
2022-01,Jussi Hallila,12
2022-01,Marcus Eide,6
2022-01,Erik Aaron Hansen,1
2022-01,Juan Pablo Garcia Ripa,8
2022-01,David Zemon,8
2022-01,Daniel Clayton,1
2022-01,snehaljos,3
2022-01,Gary Niemen,1
2022-01,Mike Ball,1
2022-01,mufaddal motiwala,12
2022-01,Ben Lambert,9
2022-01,Oliver Paraskos,1
2022-01,kim5566,7
2022-01,Ben Langfeld,2
2022-01,Dominik Schwank,5
2022-01,elstranack,2
2022-01,djamaile,6
2022-01,Iain Billett,3
2022-01,Kamil Zainal,9
2022-01,Chloe Lee,1
2022-01,Phil Kuang,1
2022-01,Djamaile Rahamat,2
2022-01,Mark Stickley,1
2022-01,David Weber,2
2022-01,Kurt King,1
2022-01,Julio Zynger,11
2022-01,Sathish Kumar,1
2022-01,irma12,5
2022-01,Miklos Kiss,3
2022-01,Artur Gevorgyan,1
2022-01,Erik Engervall,4
2022-01,Lykke Axlin,8
2022-01,Lalit Kumar Singla,1
2022-01,Diego Drumond,2
2022-01,DRoystonSmith,1
2022-01,Marley Powell,2
2022-01,praveen-livspace,1
2022-01,goenning,6
2022-01,lakshikaparihar,2
2022-01,Nigel Wright,2
2022-01,hiba-aldalaty,6
2022-01,Bert Huang,1
2022-01,Erik Larsson,1
2022-01,Dhruval Darji,1
2022-01,Lakshika Parihar,1
2022-01,Daan Boerlage,1
2022-01,Julio Arias,1
2022-01,SrikarAnanthula,1
2022-01,Tomasz Szuba,1
2022-01,Lorenzo Orsatti,2
2022-01,Leon Stein,1
2022-01,Jeff Feng,1
2022-01,Leon,1
2022-01,Cooper Benson,1
2021-12,Patrik Oldsberg,128
2021-12,Eric Peterson,15
2021-12,Andre Wanlin,8
2021-12,Adrian Barwicki,1
2021-12,blam,34
2021-12,Juan Pablo Garcia Ripa,3
2021-12,MT Lewis,17
2021-12,David Weber,1
2021-12,Fredrik Adel√∂w,30
2021-12,Julio Zynger,10
2021-12,Phil Kuang,14
2021-12,Karan Shah,43
2021-12,dependabot[bot],31
2021-12,tom.wolf,2
2021-12,Colton Padden,60
2021-12,Zack Griesinger,6
2021-12,Zackery Griesinger,1
2021-12,github-actions[bot],5
2021-12,Tim Hansen,7
2021-12,Zach Hammer,7
2021-12,Philipp Hugenroth,10
2021-12,moltenice,2
2021-12,fabioviana-hotmart,1
2021-12,Leon Stein,9
2021-12,Emma Indal,9
2021-12,Morgan Martinet,5
2021-12,Erik Larsson,5
2021-12,goenning,15
2021-12,Dede Hamzah,14
2021-12,Guilherme Oenning,1
2021-12,Carlo Giuseppe Sergi,1
2021-12,Greg Taylor,1
2021-12,Nigel Wright,1
2021-12,Vincenzo Scamporlino,7
2021-12,Denis Aoki,1
2021-12,djamaile,7
2021-12,mufaddal motiwala,64
2021-12,Tom Wolf,1
2021-12,Brian Fletcher,9
2021-12,Camila Belo,13
2021-12,Fidel Coria,4
2021-12,Niall McCullagh,1
2021-12,Suzanne Daniels,11
2021-12,lukzerom,26
2021-12,jean-philippe.blary,1
2021-12,Johan Haals,17
2021-12,Jeff Feng,4
2021-12,Jason Nguyen,1
2021-12,Bruno Fuzetti Penso,8
2021-12,Ainhoa Larumbe,3
2021-12,Hasan Ozdemir,14
2021-12,Joon Park,17
2021-12,Omar Babativa,1
2021-12,Reinoud Kruithof,3
2021-12,Jacob Wejendorp,6
2021-12,Marley Powell,25
2021-12,Arve Systad,1
2021-12,Bret Hubbard,2
2021-12,J√∫lio Zynger,1
2021-12,Rogerio Angeliski,3
2021-12,Charles Lowell,4
2021-12,Iain Billett,5
2021-12,Lykke Axlin,6
2021-12,Jan Vilimek,17
2021-12,austinal,2
2021-12,Andrew Tran,3
2021-12,Balasundaram,9
2021-12,Adam Harvey,19
2021-12,Himanshu Mishra,3
2021-12,Phil Gore,2
2021-12,Praveen Ranjan Keshri,2
2021-12,hiba-aldalaty,10
2021-12,Ben Lambert,2
2021-12,Joe Porpeglia,9
2021-12,Tim Jacomb,2
2021-12,Peter Grauvogel,1
2021-12,Radoslaw Wielonski,10
2021-12,radoslaw-wielonski-nc,1
2021-12,Minn Soe,5
2021-12,Mert Can Bilgi√ß,1
2021-12,Marcus Eide,10
2021-12,Nick Laqua,1
2021-12,Nataliya Issayeva,2
2021-12,Milton Jacomini Neto,1
2021-12,Niklas Granander,3
2021-12,Matthew Clarke,1
2021-12,Erik Engervall,1
2021-12,Lucile Desfour,1
2021-12,Sonali Mishra,2
2021-12,Lakshmi Narayana,1
2021-12,Mike Cripps,2
2021-12,Pawe≈Ç Mitka,1
2021-12,Deepak Bhardwaj,1
2021-12,Nir Gazit,3
2021-12,Lorenzo Orsatti,1
2021-12,irma12,1
2021-12,Kiran,1
2021-11,Fredrik Adel√∂w,39
2021-11,WarlenRodrigues,2
2021-11,Charles Lowell,4
2021-11,Andre Wanlin,25
2021-11,Johan Haals,32
2021-11,Patrik Oldsberg,111
2021-11,dnsaoki2,1
2021-11,Nikki Nikkhoui,2
2021-11,jluk-box,1
2021-11,Lakshmi Narayana,2
2021-11,Andrew Tran,21
2021-11,Tim Hansen,12
2021-11,irma12,14
2021-11,MT Lewis,17
2021-11,Catalin Codreanu,1
2021-11,Marley Powell,42
2021-11,Balasundaram,3
2021-11,Suzanne Daniels,3
2021-11,Tim Jacomb,8
2021-11,Ben Lambert,2
2021-11,blam,32
2021-11,hiba-aldalaty,30
2021-11,mufaddal motiwala,4
2021-11,djamaile,3
2021-11,Lorenzo Orsatti,6
2021-11,Eric Peterson,14
2021-11,jrusso1020,3
2021-11,Lucile Desfour,2
2021-11,dependabot[bot],26
2021-11,github-actions[bot],3
2021-11,Gauthier Roebroeck,4
2021-11,Mike Lewis,68
2021-11,Yousif Al-Raheem,3
2021-11,Gauthier,6
2021-11,MrSecure,1
2021-11,Morgan Martinet,4
2021-11,Praveen Ranjan Keshri,1
2021-11,Nicolas Arnold,4
2021-11,goenning,7
2021-11,jodybro,1
2021-11,Adrian Barwicki,1
2021-11,Joon Park,6
2021-11,mufaddalWh,5
2021-11,Chad Jensen,5
2021-11,Adam Harvey,2
2021-11,Ainhoa Larumbe,6
2021-11,Pete Jespers,2
2021-11,Colton Padden,5
2021-11,Carlos Eugenio Rodrigues Gusm√£o,1
2021-11,sblausten,2
2021-11,Nataliya Issayeva,19
2021-11,Otto Sichert,3
2021-11,Kai Szybiak,2
2021-11,Emma Indal,13
2021-11,therynamo,4
2021-11,Iain Billett,12
2021-11,Philipp Hugenroth,15
2021-11,Brian Jung,1
2021-11,St√©phane MORI,2
2021-11,Lu√≠s Baroni,1
2021-11,Camila Belo,7
2021-11,Himanshu Mishra,3
2021-11,Guilherme Oenning,2
2021-11,Dominik Henneke,2
2021-11,Soren Mathiasen,1
2021-11,Theryn Groetken,1
2021-11,Vincenzo Scamporlino,2
2021-11,Mert Can Bilgi√ß,6
2021-11,Brian Fletcher,1
2021-11,Dede Hamzah,5
2021-11,Terrence Benade,1
2021-11,Zach Falen,3
2021-11,Oliver Sand,6
2021-11,Jeremy Guarini,10
2021-11,Anthony Ikeda,5
2021-11,Greg Bomkamp,1
2021-11,Harry Hogg,7
2021-11,Kim Jin,1
2021-11,Rod Machen,1
2021-11,Dominik Schwank,1
2021-11,James Turley,7
2021-11,Gabriele Mambrini,5
2021-11,Lykke Axlin,6
2021-11,Jonas Thomsen,1
2021-11,Elliot Greenwood,3
2021-11,Marcus Eide,2
2021-11,rgorkovenko,1
2021-11,Jason Nguyen,1
2021-11,Bryce Larson,2
2021-11,Matto,3
2021-11,Jussi Hallila,1
2021-11,Alex Rybchenko,2
2021-11,Hammar Johan,1
2021-11,Jarek ≈Åukow,2
2021-10,Patrik Oldsberg,90
2021-10,Andre Wanlin,47
2021-10,dependabot[bot],27
2021-10,Nataliya Issayeva,10
2021-10,Joe Porpeglia,1
2021-10,blam,68
2021-10,Joon Park,3
2021-10,Vincenzo Scamporlino,6
2021-10,Fredrik Adel√∂w,54
2021-10,Andrew Thauer,3
2021-10,Colton Padden,18
2021-10,Pavel,1
2021-10,Dominik Henneke,20
2021-10,rodion,7
2021-10,hrithiksawhney,1
2021-10,Ben Lambert,6
2021-10,Jeremy Guarini,7
2021-10,Tim Hansen,5
2021-10,Samira Mokaram,5
2021-10,Alex Rybchenko,12
2021-10,Jussi Hallila,11
2021-10,Elliot Greenwood,2
2021-10,Eric Peterson,11
2021-10,djamaile,1
2021-10,Matto,12
2021-10,Kenneth Feng,7
2021-10,alexcurtin,1
2021-10,Greg Bomkamp,1
2021-10,Brian Fletcher,19
2021-10,github-actions[bot],4
2021-10,Johan Haals,58
2021-10,Xavier Serrano,1
2021-10,Harry Hogg,11
2021-10,hiba-aldalaty,6
2021-10,Thomas Viaud,2
2021-10,Ray Sinnema,2
2021-10,Oliver Sand,22
2021-10,J√∫lio Zynger,2
2021-10,Tony Tam,1
2021-10,Victor Perera,6
2021-10,Nicolas Arnold,6
2021-10,R√©mon (Ray) Sinnema,1
2021-10,Andrew Ellis,1
2021-10,Himanshu Mishra,13
2021-10,OscarDHdz,2
2021-10,jrusso1020,1
2021-10,mclarke47,4
2021-10,Marley Powell,11
2021-10,Matthew Clarke,2
2021-10,Tomasz Szuba,6
2021-10,Ivan Stoiev,1
2021-10,Daniel Deloff,14
2021-10,Marcus Eide,13
2021-10,Klara,2
2021-10,Julio Zynger,2
2021-10,mauro sala,1
2021-10,Yousif Al-Raheem,1
2021-10,Aldira Putra Raharja,7
2021-10,Fidel Coria,1
2021-10,Crevil,2
2021-10,Emma Indal,8
2021-10,N-Shar-ma,4
2021-10,Nehal Sharma,1
2021-10,Camila Belo,3
2021-10,Juan Pablo Garcia Ripa,8
2021-10,Erik Engervall,16
2021-10,Bodil Bj√∂rklund,1
2021-10,Phil Kuang,2
2021-10,Gabriel Noal,2
2021-10,Lykke Axlin,12
2021-10,Niall McCullagh,1
2021-10,Jarek ≈Åukow,1
2021-10,Lasse Gaardsholt,1
2021-10,Connor Younglund,2
2021-10,Hans Knecht,1
2021-10,Iain Billett,3
2021-10,Michal Partyka,1
2021-10,Morgan Martinet,3
2021-10,Alex Krantz,3
2021-10,James Turley,1
2021-10,Suzanne Daniels,8
2021-10,Fanny Gaudin,3
2021-10,anisorigin,1
2021-10,Daniel Ortiz Lira,4
2021-10,K√©vin Gomez,1
2021-10,colton,2
2021-10,Dmitry Makarenko,1
2021-10,PhakornKiong,2
2021-10,kim5566,1
2021-10,Jonah Back,2
2021-10,Adam Harvey,7
2021-10,gracheva,5
2021-10,Mattias Frinnstr√∂m,3
2021-10,shenowen,3
2021-10,Johan Hammar,3
2021-10,Gustaf Lundh,1
2021-10,Jeff Stein,1
2021-10,Fr√©d√©ric Bonnet,1
2021-10,Guilherme Vierno,1
2021-10,Mohamed Mohamed,3
2021-10,Luke,2
2021-10,Darkripper214,1
2021-10,Mustansar Anwar ul Samad,1
2021-10,Michael Stergianis,1
2021-10,savez,1
2021-10,Francesco Corti,1
2021-10,Filip Swiatczak,1
2021-10,Mike Lewis,1
2021-09,Juan Pablo Garcia Ripa,1
2021-09,Andrew Shirley,1
2021-09,Fredrik Adel√∂w,39
2021-09,tudi2d,3
2021-09,Jussi Hallila,11
2021-09,Matto,2
2021-09,Harry Hogg,14
2021-09,Himanshu Mishra,4
2021-09,Vincenzo Scamporlino,3
2021-09,Samira Mokaram,4
2021-09,Dominik Henneke,6
2021-09,blam,42
2021-09,Daniel Ortiz Lira,14
2021-09,Alex Rybchenko,8
2021-09,Mustansar Anwar ul Samad,1
2021-09,Filip Swiatczak,13
2021-09,Eric Peterson,25
2021-09,Ljupcho Kotev,1
2021-09,github-actions[bot],5
2021-09,Patrik Oldsberg,156
2021-09,Emma Indal,19
2021-09,Tomasz Szuba,8
2021-09,dependabot[bot],35
2021-09,Andre Wanlin,38
2021-09,Lykke Axlin,19
2021-09,Johan Haals,46
2021-09,Daniel Bravo,1
2021-09,Crevil,3
2021-09,Nicolas Arnold,4
2021-09,lmejbar,5
2021-09,Bodil Bj√∂rklund,4
2021-09,Johan Hammar,1
2021-09,Greg Taylor,1
2021-09,Ryan Hanchett,2
2021-09,irma12,6
2021-09,bodilb,4
2021-09,Branch Vincent,1
2021-09,CircleHD Dev,1
2021-09,Ben Chidgey,1
2021-09,John Hodges,1
2021-09,Kyle Smith,2
2021-09,Oliver Sand,28
2021-09,Magnus Eriksson,2
2021-09,Bart Breen,2
2021-09,Phil Kuang,2
2021-09,Gustaf R√§ntil√§,1
2021-09,Will Sewell,1
2021-09,Chris Carpita,1
2021-09,Dede Hamzah,3
2021-09,Michael Stergianis,2
2021-09,Erik Engervall,1
2021-09,Mikael Schir√©n,1
2021-09,Thiago Caiubi,1
2021-09,Jeff Feng,1
2021-09,@pawelmitka,11
2021-09,Tim Hansen,2
2021-09,Anis Jonischkeit,1
2021-09,Adam Tester,1
2021-09,Aj-vrod,3
2021-09,Klara,3
2021-09,Ainhoa Larumbe,7
2021-09,Simon Stamm,3
2021-09,Douglas Read,2
2021-09,minkimcello,7
2021-09,Sean Tan,8
2021-09,V√≠ctor,1
2021-09,V√≠ctor Su√°rez Fern√°ndez,1
2021-09,Phil Gore,6
2021-09,Roy Jacobs,3
2021-09,Adam Harvey,4
2021-09,Leon,1
2021-09,Leon van Ginneken,1
2021-09,Sam Robson,2
2021-09,Shivam Bisht,1
2021-09,Ben Lambert,2
2021-09,Ryan Vazquez,3
2021-09,Paul Cowan,2
2021-09,victormorfin97,5
2021-09,J√∫lio Zynger,3
2021-09,kim5566,3
2021-09,Guilherme Vierno,1
2021-09,Mathias AÃähsberg,1
2021-09,hiba-aldalaty,3
2021-09,Iain Billett,1
2021-09,Morgan Martinet,2
2021-09,OscarDHdz,1
2021-09,Ruben Lindstr√∂m,1
2021-09,Christopher Zorn,3
2021-09,James Bourne,1
2021-09,Enrico Stahn,2
2021-07,Fabian Hippmann,4
2021-07,Fredrik Adel√∂w,9
2021-07,Eric Peterson,46
2021-07,blam,74
2021-07,Yuvaraja Balamurugan,1
2021-07,Kiera Jost,6
2021-07,Sean Tan,4
2021-07,Phil Kuang,10
2021-07,Patrik Oldsberg,22
2021-07,Camila Belo,7
2021-07,Otto Sichert,2
2021-07,Niklas Granander,36
2021-07,Emma Indal,6
2021-07,Tim Hansen,11
2021-07,Himanshu Mishra,31
2021-07,Jussi Hallila,2
2021-07,Miklos Kiss,6
2021-07,Philipp Hugenroth,63
2021-07,dependabot[bot],37
2021-07,Andrew Ellis,1
2021-07,Christine Yi,1
2021-07,Mike Lewis,32
2021-07,github-actions[bot],5
2021-07,Jos Craw,4
2021-07,ImgBotApp,4
2021-07,Guille Vigil,2
2021-07,Bart Breen,6
2021-07,Nicolas Torres,14
2021-07,Ben Lambert,12
2021-07,St√©phane MORI,4
2021-07,Oliver Sand,7
2021-07,R√©mi Doreau,4
2021-07,Miguel Pessoa,1
2021-07,Nikola Babic,1
2021-07,Deepak Bhardwaj,5
2021-07,Yousif Al-Raheem,3
2021-07,Dominik Henneke,27
2021-07,Juan Lulkin,5
2021-07,Andrea Falzetti,9
2021-07,Yogesh Lonkar,1
2021-07,Erik Engervall,2
2021-07,daftgopher,1
2021-07,Chase Rutherford-Jenkins,5
2021-07,Francesco Corti,2
2021-07,Roy Jacobs,1
2021-07,Brian Fletcher,8
2021-07,Nicolas Arnold,7
2021-07,Carlo Colombo,2
2021-07,Fidel Coria,3
2021-07,Tom Opdebeeck,5
2021-07,Alexander Klein,2
2021-07,Pepijn Schildkamp,2
2021-07,irma12,3
2021-07,Joe Porpeglia,4
2021-07,Jeff Feng,2
2021-07,Otto Nordander,2
2021-07,Morgan Martinet,3
2021-07,Andrew Shirley,11
2021-07,Fr√©d√©ric Gascon,2
2021-07,livetocode,1
2021-07,chicoribas,17
2021-07,jrusso1020,1
2021-07,Andrew Thauer,1
2021-07,Rogerio Angeliski,8
2021-07,Francisco Ribas,3
2021-07,Prasetya Aria Wibawa,1
2021-07,Raghunandan,1
2021-07,OscarDHdz,1
2021-07,Mathias AÃähsberg,3
2021-07,Iain Billett,3
2021-07,Alex Landovskis,2
2021-07,David Tuite,2
2021-07,Adrian Ke,1
2021-07,roylisto,2
2021-07,Erik Larsson,2
2021-07,Brett Wright,1
2021-07,shoukoo,4
2021-07,Crevil,1
2021-07,Eugene Sh,1
2021-07,Christopher Diaz,1
2021-07,Johan Haals,3
2021-07,matteobarone,1
2021-07,michael.rode,2
2021-06,Fabian Hippmann,3
2021-06,Oliver Sand,32
2021-06,Djamaile Rahamat,4
2021-06,Mustansar Anwar ul Samad,2
2021-06,blam,67
2021-06,Patrik Oldsberg,113
2021-06,Andrew Shirley,28
2021-06,Tim Hansen,18
2021-06,Rogerio Angeliski,9
2021-06,Chase Rutherford-Jenkins,4
2021-06,roylisto.pradana,9
2021-06,michael.rode,1
2021-06,Gowind,2
2021-06,Phil Kuang,9
2021-06,Deepak Bhardwaj,8
2021-06,James Renaud,2
2021-06,Fredrik Adel√∂w,38
2021-06,Irma12,1
2021-06,Hammar Johan,1
2021-06,irma12,1
2021-06,shoukoo,1
2021-06,dependabot[bot],45
2021-06,Philipp Hugenroth,18
2021-06,Johan Haals,21
2021-06,Matteo Barone,7
2021-06,Roy Jacobs,1
2021-06,Jingchao Zhang,1
2021-06,Mike Lewis,8
2021-06,Joe Porpeglia,6
2021-06,Dominik Henneke,19
2021-06,Niklas Granander,2
2021-06,Mathias AÃähsberg,3
2021-06,Flavien Chantelot,1
2021-06,zjpersc,1
2021-06,Marco Crivellaro,1
2021-06,Tejas Kumar,2
2021-06,Vannarath Poeu,5
2021-06,github-actions[bot],5
2021-06,Himanshu Mishra,11
2021-06,Diego Marangoni,1
2021-06,Jeff Feng,6
2021-06,David Tuite,7
2021-06,ImgBotApp,2
2021-06,Jesse Bye,4
2021-06,Ben Lambert,6
2021-06,Srikar Ananthula,1
2021-06,Yousif Al-Raheem,1
2021-06,Jussi Hallila,1
2021-06,Eugene S,1
2021-06,Minn Soe,8
2021-06,Brent Sharrow,1
2021-06,Louis Bichard,2
2021-06,Elliot Greenwood,1
2021-06,Daniel Johansson,3
2021-06,Eric Peterson,29
2021-06,Crevil,5
2021-06,Dorn-,1
2021-06,Bryan Lam,1
2021-06,Andrew Thauer,1
2021-06,Kevin,4
2021-06,Vitor Capretz,5
2021-06,Eugene Sh,2
2021-06,Brett Wright,3
2021-06,Daniel Ortega,4
2021-06,Brian Fletcher,2
2021-06,Emma Indal,3
2021-06,Juan Lulkin,9
2021-06,Brad Risse,1
2021-06,Anastasia Rodionova,2
2021-06,Carlo Colombo,5
2021-06,Max Falk,4
2021-06,HelenGreul,1
2021-06,yafanasiev,3
2021-06,Spencer Kaiser,1
2021-06,Heather Lee,2
2021-06,Alin Stefan Olaru,1
2021-06,Nikhil Unni,3
2021-06,anovis,4
2021-06,Camila Belo,2
2021-06,Austen,1
2021-06,jrusso1020,3
2021-06,Otto Sichert,2
2021-08,Eric Peterson,23
2021-08,Fredrik Adel√∂w,41
2021-08,Philipp Hugenroth,23
2021-08,dependabot[bot],22
2021-08,lmejbar,2
2021-08,Jussi Hallila,3
2021-08,Patrik Oldsberg,64
2021-08,Oliver Sand,39
2021-08,Calaway,1
2021-08,blam,27
2021-08,Brent Schneider,1
2021-08,Sean Tan,61
2021-08,Christopher Zorn,1
2021-08,Andre Wanlin,2
2021-08,Pepijn Schildkamp,2
2021-08,Aurelio Saraiva,9
2021-08,Aj-vrod,3
2021-08,Roy Jacobs,12
2021-08,@pawelmitka,10
2021-08,Dominik Henneke,13
2021-08,Ruben Lindstr√∂m,2
2021-08,Yuvaraja Balamurugan,4
2021-08,Mustansar Anwar ul Samad,5
2021-08,Filip P√Ωrek,1
2021-08,Erik Engervall,15
2021-08,Morgan Martinet,8
2021-08,Sami Ur Rehman,1
2021-08,Tim Hansen,27
2021-08,Steve Huff,2
2021-08,Gregory Yogan,4
2021-08,victormorfin97,11
2021-08,Deepak Bhardwaj,11
2021-08,Raghunandan Balachandran,1
2021-08,Nicolas Arnold,1
2021-08,Brian Fletcher,20
2021-08,Phil Kuang,8
2021-08,Camila Belo,23
2021-08,github-actions[bot],5
2021-08,Camila Loiola,1
2021-08,Mert Can Bilgi√ß,2
2021-08,Andrew Thal,1
2021-08,Tarcisio Ambrosio Wensing,6
2021-08,Bartosz Nadworny,1
2021-08,SrikarAnanthula,2
2021-08,Douglas Read,2
2021-08,GregoireW,3
2021-08,gregoireW,1
2021-08,Tom Opdebeeck,8
2021-08,Juan Pablo Garcia Ripa,2
2021-08,Prasetya Aria Wibawa,14
2021-08,Mike Lewis,9
2021-08,Vincenzo Scamporlino,4
2021-08,Miguel Alexandre,6
2021-08,Johan Haals,18
2021-08,AJT,1
2021-08,Axel Hecht,7
2021-08,Himanshu Mishra,17
2021-08,Benjamin,1
2021-08,Sathish Kumar,2
2021-08,Samira Mokaram,10
2021-08,aaronnickovich,1
2021-08,Aaron Nickovich,1
2021-08,Joel Low,1
2021-08,Kiera Jost,3
2021-08,Niklas Granander,13
2021-08,ImgBotApp,2
2021-08,Christine Yi,5
2021-08,Jos Craw,5
2021-08,Adam Harvey,2
2021-08,Shyam Saraswati,2
2021-08,Miklos Kiss,1
2021-08,Kenny Lindahl,1
2021-08,Vannarath Poeu,2
2021-08,Andrew Shirley,2
2021-08,Adrian Ke,1
2021-08,Ben Lambert,2
2021-08,Pankaj Patil,1
2021-04,Mustansar Anwar ul Samad,2
2021-04,blam,38
2021-04,Patrik Oldsberg,73
2021-04,Andrew Shirley,7
2021-04,dependabot[bot],37
2021-04,Himanshu Mishra,2
2021-04,Fredrik Adel√∂w,23
2021-04,Rob Long,1
2021-04,Phil Kuang,3
2021-04,Jonah Grimes,10
2021-04,Tavis Aitken,1
2021-04,K√©vin Gomez,6
2021-04,Johan Haals,48
2021-04,Dominik Henneke,14
2021-04,Marcus Eide,20
2021-04,Simon Knittel,1
2021-04,Erik Engervall,123
2021-04,Raghunandan,1
2021-04,Thomas Viaud,4
2021-04,Juan Lulkin,12
2021-04,Will Sewell,2
2021-04,Erik Larsson,16
2021-04,Mathias AÃähsberg,7
2021-04,github-actions[bot],4
2021-04,David Tuite,6
2021-04,Eric Peterson,3
2021-04,Jussi Hallila,3
2021-04,Heather Lee,3
2021-04,ImgBotApp,3
2021-04,Tim Hansen,22
2021-04,jrusso1020,4
2021-04,Will,3
2021-04,Oliver Sand,31
2021-04,Martina Iglesias Fernandez,4
2021-04,yacut,8
2021-04,azhurbilo,3
2021-04,Victor Perera,3
2021-04,Anastasia Rodionova,1
2021-04,Brian Fox,7
2021-04,Emma Indal,14
2021-04,Brenda Sukh,1
2021-04,Adam Harvey,12
2021-04,"Chongyang Adrian, Ke",8
2021-04,Taras,2
2021-04,Adrian Ke Chongyang,7
2021-04,Ryan Vazquez,3
2021-04,alde,21
2021-04,Rickard Dybeck,3
2021-04,W√©dney Yuri Lima,1
2021-04,Brett Wright,23
2021-04,Andrey O,1
2021-04,Javid Aslanov,6
2021-04,Andrew Johnson,24
2021-04,Ilya Lyamkin,1
2021-04,Travis Truman,3
2021-04,James Turley,6
2021-04,Seth Howard,1
2021-04,Efrain Gutierrez,2
2021-04,Nir Gazit,1
2021-04,Frank Showalter,2
2021-04,Omer Farooq,3
2021-04,Pranava Shashank Pindi,1
2021-04,Ben Lambert,1
2021-04,Remi Kristelijn,8
2021-04,MiguelRamBalt,4
2021-04,Nicolas Torres,2
2021-04,lancelot,1
2021-04,Marco Crivellaro,12
2021-04,Victor Morfin,4
2021-04,miguelrambalt,3
2021-04,Jeff Cook,4
2021-04,Konstantin Dichev,2
2021-04,Jacob Valdemar Andreasen,1
2021-04,Eric Swanson,6
2021-04,Podge,1
2021-04,Mateus Marquezini,1
2021-04,JP Dhabolt,4
2021-04,Teun Willems,2
2021-05,R√©mi Doreau,15
2021-05,Tejas Kumar,23
2021-05,Oliver Sand,36
2021-05,Himanshu Mishra,17
2021-05,Minn Soe,9
2021-05,Juan Lulkin,3
2021-05,blam,48
2021-05,Eric Peterson,60
2021-05,Camila Belo,15
2021-05,Emma Indal,24
2021-05,Patrik Oldsberg,30
2021-05,Fredrik Adel√∂w,30
2021-05,dependabot[bot],49
2021-05,Ben Lambert,3
2021-05,Tim Hansen,21
2021-05,David Tuite,4
2021-05,markshawtoronto,1
2021-05,Jacob Bolda,3
2021-05,ImgBotApp,5
2021-05,Jeff Feng,1
2021-05,Johan Haals,40
2021-05,github-actions[bot],5
2021-05,Jussi Hallila,1
2021-05,Sam Robson,3
2021-05,Heather Lee,12
2021-05,RISHABH BUDHIRAJA,4
2021-05,Ryan Vazquez,9
2021-05,AlleyWei,9
2021-05,Tim,1
2021-05,Alexander Kaserbacher,7
2021-05,Crevil,1
2021-05,Jacob Rosales,2
2021-05,Marcus Eide,14
2021-05,Phil Kuang,4
2021-05,Victor Perera,8
2021-05,Brian Leathem,1
2021-05,JasonMiller-BAH,1
2021-05,Dominik Henneke,7
2021-05,Irma12,3
2021-05,sam-robson,1
2021-05,"Chongyang Adrian, Ke",2
2021-05,jrusso1020,4
2021-05,Jan Vilimek,1
2021-05,Adam Harvey,8
2021-05,yacut,6
2021-05,Jonah Grimes,8
2021-05,Bastian Gutschke,1
2021-05,Erik Engervall,18
2021-05,anderoo,1
2021-05,Andrew Johnson,3
2021-05,Samira Mokaram,5
2021-05,Emre,1
2021-05,GregoireW,4
2021-05,Mike Lewis,3
2021-05,Shashank Bairy R,3
2021-05,Bret Hubbard,2
2021-05,Julian Pearce,2
2021-05,Roman Frey,3
2021-05,K√©vin Gomez,4
2021-05,Marco Crivellaro,1
2021-05,Will Sewell,6
2021-05,Erik Larsson,1
2021-05,Simon Knittel,2
2021-03,dependabot[bot],61
2021-03,Fredrik Adel√∂w,34
2021-03,Patrik Oldsberg,124
2021-03,GregoireW,6
2021-03,Oliver Sand,17
2021-03,Victor Perera,8
2021-03,Johan Haals,57
2021-03,Martina Iglesias Fernandez,8
2021-03,James Turley,7
2021-03,Andrew Johnson,24
2021-03,Jonah Grimes,16
2021-03,ImgBotApp,4
2021-03,JP Dhabolt,4
2021-03,blam,23
2021-03,github-actions[bot],5
2021-03,Tim Hansen,38
2021-03,Mathias AÃähsberg,10
2021-03,Dominik Henneke,14
2021-03,shoeb,7
2021-03,Eric Swanson,2
2021-03,Phil Kuang,3
2021-03,Andrew Thauer,8
2021-03,Erik Larsson,15
2021-03,Shashank Bairy R,3
2021-03,cirpo,1
2021-03,Eric Peterson,8
2021-03,Podge,2
2021-03,Crevil,7
2021-03,Adam Harvey,69
2021-03,Lee Mills,1
2021-03,Axel Koehler,1
2021-03,Jonah Back,9
2021-03,Vinay P,4
2021-03,Nicolas Torres,1
2021-03,Brian Leathem,2
2021-03,"Chongyang Adrian, Ke",4
2021-03,Ryan Vazquez,12
2021-03,Stefan √Ölund,1
2021-03,Mateus Marquezini,2
2021-03,Robin Murphy,1
2021-03,Adrian Ke Chongyang,1
2021-03,Maikel,1
2021-03,Gerard Wilkinson,4
2021-03,Rajiv Ranjan Singh,1
2021-03,Alexander Zerbe,4
2021-03,Esteban Barrios,1
2021-03,Andreas Stenius,12
2021-03,ebarrios,5
2021-03,Anders N√§sman,6
2021-03,Joel Low,2
2021-03,Seth Howard,1
2021-03,Fidel Coria,1
2021-03,MarceloLeite2604,1
2021-03,Thilo Schmalfuss,1
2021-03,Mijail Rondon,1
2021-03,Jacob Valdemar Andreasen,6
2021-03,Jacob Valdemar,4
2021-03,Niall McCullagh,3
2021-03,Johnn Mis,9
2021-03,Himanshu Mishra,25
2021-03,erdoganoksuz,11
2021-03,Jim Haughwout,1
2021-03,OscarDHdz,1
2021-03,Andrew Thal,2
2021-03,Erik Lindgren,1
2021-03,nliesenfeld,3
2021-03,tudi2d,4
2021-03,Nir Gazit,6
2021-03,Emma Indal,1
2021-03,mclarke,5
2021-03,Matthew Clarke,2
2021-03,Gowind,2
2021-03,Ioannis Georgoulas,3
2021-03,Peter Grauvogel,1
2021-03,r.bideau,1
2021-03,Tadashi Nemoto,4
2021-03,Marcos Lilljedahl,2
2021-03,R√©mi Doreau,2
2021-03,Ben Lambert,1
2021-03,Gazandi,17
2021-03,gazandi,8
2021-03,Remi,2
2021-03,vitorgrenzel,2
2021-03,Alan Crosswell,1
2021-03,Brenda Sukh,3
2021-03,Juan Lulkin,4
2021-03,Elliot Greenwood,1
2021-03,bobalong79,4
2021-03,aryanshridhar,1
2021-02,Patrik Oldsberg,147
2021-02,Jussi Hallila,1
2021-02,alde,1
2021-02,Rian Bogle,1
2021-02,Martina Iglesias Fernandez,1
2021-02,Robin Murphy,3
2021-02,Anders N√§sman,11
2021-02,Eric Peterson,32
2021-02,Andreas Stenius,21
2021-02,Johnn Mis,4
2021-02,Adam Harvey,96
2021-02,Oliver Sand,53
2021-02,Johan Haals,102
2021-02,vitorgrenzel,7
2021-02,Remi,44
2021-02,Brenda Sukh,6
2021-02,Mert Can Bilgi√ß,3
2021-02,gmzsenturk,4
2021-02,erdoganoksuz,8
2021-02,Andrew Thal,1
2021-02,Fredrik Adel√∂w,27
2021-02,blam,70
2021-02,Erik Larsson,9
2021-02,Himanshu Mishra,53
2021-02,Jonah Back,16
2021-02,Jesse Bye,8
2021-02,Brian Leathem,3
2021-02,NHI TRAN,6
2021-02,Dominik Henneke,13
2021-02,Joel Low,5
2021-02,dependabot[bot],33
2021-02,Woody Rousseau,3
2021-02,Jacob Valdemar,2
2021-02,Jacob Valdemar Andreasen,1
2021-02,Juan Lulkin,29
2021-02,r.bideau,8
2021-02,Rapha√´l Bideau,1
2021-02,Andrew Thauer,18
2021-02,Mijail Rondon,1
2021-02,Thomas Viaud,2
2021-02,Elliot Greenwood,12
2021-02,Fidel Coria,4
2021-02,Gustaf R√§ntil√§,6
2021-02,github-actions[bot],4
2021-02,Ryan Vazquez,7
2021-02,Tadashi Nemoto,2
2021-02,James Turley,8
2021-02,Oscar Hernandez,8
2021-02,Jeff Feng,1
2021-02,Olle Lundberg,4
2021-02,Jeff Durand,5
2021-02,Stefan Buck,1
2021-02,Kiran Patel,6
2021-02,ebarrios,13
2021-02,bobalong79,1
2021-02,Taras,8
2021-02,Taras Mankovski,3
2021-02,Rob Long,1
2021-02,Esteban Barrios,4
2021-02,Lee Mills,1
2021-02,tudi2d,7
2021-02,Debajyoti Halder,4
2021-02,Gowind,6
2021-02,Iain Billett,1
2021-02,Nils Streijffert,23
2021-02,Emma Indal,3
2021-02,Alan Crosswell,5
2021-02,mclarke,2
2021-02,ImgBotApp,1
2021-02,Ryan Manny,9
2021-02,Nir Gazit,4
2021-02,Alex C. Bilimoria,1
2021-02,"Chongyang Adrian, Ke",2
2021-02,Tim Hansen,2
2021-02,Kaparwan Manoj,4
2021-02,Manoj -,4
2021-02,Ben Lambert,2
2021-01,blam,91
2021-01,Oliver Sand,55
2021-01,Erik Larsson,34
2021-01,Fredrik Adel√∂w,26
2021-01,Johan Haals,116
2021-01,Himanshu Mishra,91
2021-01,Parth Shandilya,1
2021-01,Patrik Oldsberg,92
2021-01,Alan Crosswell,25
2021-01,Adam Harvey,75
2021-01,Ioannis Georgoulas,2
2021-01,Nigel Wright,2
2021-01,Nir Gazit,47
2021-01,Ryan Vazquez,11
2021-01,Debajyoti Halder,3
2021-01,dependabot[bot],20
2021-01,Kevin Lee,6
2021-01,vitorgrenzel,12
2021-01,Andrew Thauer,24
2021-01,Niall McCullagh,2
2021-01,github-actions[bot],9
2021-01,Jonah Back,23
2021-01,Ben Lambert,10
2021-01,Tim Hansen,3
2021-01,Matei David,4
2021-01,Michel Valdrighi,1
2021-01,K√©vin Gomez,4
2021-01,Brenda Sukh,5
2021-01,Eric Peterson,6
2021-01,aarlaud,1
2021-01,nicolasm-dev,2
2021-01,Dominik Henneke,11
2021-01,Babis Kiosidis,1
2021-01,ImgBotApp,3
2021-01,Emma Indal,4
2021-01,Jussi Hallila,36
2021-01,Ihor Dvoretskyi,5
2021-01,Kiran Patel,2
2021-01,Kiran,3
2021-01,Guillermo Manzo,2
2021-01,ahrberg,3
2021-01,jmfrancois,3
2021-01,Gabriel Peixoto,2
2021-01,AlleyWei,2
2021-01,mclarke,1
2021-01,Remi,13
2021-01,James Turley,4
2021-01,Matthew Clarke,1
2021-01,Backstage Service Account,2
2021-01,Thibault Cohen,5
2021-01,Joel Low,2
2021-01,Mathias AÃähsberg,7
2020-12,Patrik Oldsberg,116
2020-12,Mathias AÃähsberg,2
2020-12,Fredrik Adel√∂w,33
2020-12,dependabot[bot],29
2020-12,Adam Harvey,80
2020-12,Niall McCullagh,1
2020-12,Remi,17
2020-12,Himanshu Mishra,56
2020-12,Omer Farooq,2
2020-12,Jonah Back,8
2020-12,Joel Low,11
2020-12,Dylan Jeffers,2
2020-12,blam,49
2020-12,github-actions[bot],6
2020-12,MƒÅrti≈Ü≈° KalvƒÅns,2
2020-12,Erik Larsson,9
2020-12,Jeff Feng,4
2020-12,Fidel Coria,9
2020-12,Tim Hansen,8
2020-12,Rajiv Ranjan Singh,1
2020-12,Samira Mokaram,27
2020-12,Nir Gazit,4
2020-12,keshan,21
2020-12,Ben Lambert,1
2020-12,samiramkr,5
2020-12,Vince Allen,1
2020-12,Philipp Hugenroth,2
2020-12,Lee Mills,8
2020-12,Dominik Henneke,12
2020-12,AdnCodez,2
2020-12,AlleyWei,21
2020-12,mateiidavid,4
2020-12,Peter Colapietro,3
2020-12,Emre Konar,1
2020-12,Oliver Sand,14
2020-12,Kim S. Ly,4
2020-12,Andrew Thauer,1
2020-12,Ryan Vazquez,10
2020-12,Brenda Sukh,12
2020-12,Mikael √ñstberg,14
2020-12,Askar,1
2020-12,Frieder Bluemle,1
2020-12,Govindarajan Nagarajan,1
2020-12,Marek Ca≈Çus,1
2020-12,David Tuite,3
2020-12,Sebastian Qvarfordt,3
2020-12,Mateusz Lewtak,2
2020-12,Stefan √Ölund,1
2020-12,Omer Levi Hevroni,1
2020-12,Mateusz Burzy≈Ñski,1
2020-12,Peter Grauvogel,1
2020-12,Fabian Chong,2
2020-12,Moustafa Baiou,1
2020-11,Patrik Oldsberg,139
2020-11,Fredrik Adel√∂w,28
2020-11,Oliver Sand,37
2020-11,Fabian Chong,1
2020-11,Himanshu Mishra,43
2020-11,"Chongyang Adrian, Ke",1
2020-11,Remi,5
2020-11,Dominik Henneke,9
2020-11,Brenda Sukh,33
2020-11,Samira Mokaram,27
2020-11,Ryan Vazquez,21
2020-11,Adam Harvey,28
2020-11,dependabot[bot],11
2020-11,Marek Calus,24
2020-11,blam,18
2020-11,Peter Colapietro,2
2020-11,samiramkr,1
2020-11,github-actions[bot],7
2020-11,Stefan √Ölund,9
2020-11,Andrew Thauer,5
2020-11,David Tuite,5
2020-11,Govind,1
2020-11,jothisubaramaniam,6
2020-11,Askar,2
2020-11,Brian Leathem,18
2020-11,Mateusz Lewtak,9
2020-11,Emma Indal,3
2020-11,Moustafa Baiou,9
2020-11,Kevin Kelly,2
2020-11,Shashank Bairy R,1
2020-11,Mattias Frinnstr√∂m,15
2020-11,Stefano Vuerich,2
2020-11,Joel Low,1
2020-11,o-farooq,1
2020-11,Ivan Shmidt,2
2020-11,Andr√©s Torres,1
2020-11,Chad Wilson,1
2020-11,Sebastian Qvarfordt,1
2020-11,Omer Farooq,3
2020-11,Jesko Steinberg,2
2020-11,Mikaela Grundin,1
2020-11,Iain Billett,2
2020-11,Philipp Hugenroth,1
2020-11,Abhishek Jakhar,1
2020-11,Tim,1
2020-11,Tim Hansen,1
2020-11,Marek Ca≈Çus,1
2020-11,Marvin9,3
2020-11,Raghunandan,7
2020-11,Althaf Hameez,1
2020-10,Oliver Sand,20
2020-10,Moustafa Baiou,3
2020-10,Jesko Steinberg,10
2020-10,Patrik Oldsberg,111
2020-10,Fredrik Adel√∂w,48
2020-10,Iain Billett,6
2020-10,Marek Calus,18
2020-10,Alan Crosswell,4
2020-10,Stefan √Ölund,28
2020-10,Abhishek Jakhar,35
2020-10,Mateusz Lewtak,5
2020-10,Himanshu Mishra,9
2020-10,imgbot[bot],2
2020-10,Dominik Henneke,4
2020-10,Giuliano Varriale,1
2020-10,Mayursinh Sarvaiya,3
2020-10,Marvin9,36
2020-10,Ryan Vazquez,49
2020-10,Adam Harvey,5
2020-10,Forrest Waters,6
2020-10,Vividh Chandna,3
2020-10,dependabot[bot],23
2020-10,Michael Varrieur,1
2020-10,Ivan Shmidt,9
2020-10,Sebastian Qvarfordt,6
2020-10,blam,52
2020-10,Mattias Frinnstr√∂m,10
2020-10,Navaneeth Suresh,2
2020-10,Eric Nilsson,9
2020-10,Fabian Chong,4
2020-10,Harvey,13
2020-10,canut,4
2020-10,Adrian Ke Chongyang,1
2020-10,David Tuite,8
2020-10,Mathias √Öhsberg,3
2020-10,Remi,11
2020-10,Tim Hansen,18
2020-10,Samira Mokaram,17
2020-10,Dimitri Lavren√ºk,1
2020-10,lewtakm,7
2020-10,Sachin Tewari,3
2020-10,Emma Indal,5
2020-10,ImgBotApp,1
2020-10,Tim,2
2020-10,Brian Fletcher,2
2020-10,Brenda Sukh,6
2020-10,Andrew Thauer,3
2020-10,Emre Konar,1
2020-10,Matic PlesÃåec,1
2020-10,Eduardo Apolinario,1
2020-10,K√©vin Gomez,1
2020-10,Braxton Christensen,1
2020-10,amitkhurana92,1
2020-10,Althaf Hameez,3
2020-10,Eric Peterson,13
2020-10,Markus Heinemann,3
2020-10,althaf.hameez,8
2020-10,Martina Iglesias,1
2020-10,Mahmood Hosseini,2
2020-10,Matthew Clarke,2
2020-10,Nicholas Chew,1
2020-10,Marcus Eide,14
2020-10,Taras Mankovski,62
2020-10,J Shamsul Bahri,2
2020-10,nikek,2
2020-10,Martina Iglesias Fernandez,24
2020-10,Nikita Nek Dudnik,1
2020-10,mclarke47,1
2020-10,James Wen,1
2020-10,Tianyi Song,1
2020-10,Joel Low,11
2020-10,jadon,1
2020-10,g1stavo,1
2020-10,Kat Zhou,2
2020-10,samiramkr,1
2020-10,Renee Blackburn,2
2020-10,Evgeny Vlasov,1
2020-10,Gary Niemen,1
2020-10,David Poblador i Garcia,1
2020-10,Ben Lambert,2
2020-10,Marek Ca≈Çus,1
2020-10,Ian Cowley,1
2020-08,Patrik Oldsberg,138
2020-08,Emma Indal,18
2020-08,R√©mi DOREAU,5
2020-08,Andrew Thauer,8
2020-08,Ivan Shmidt,24
2020-08,nikek,1
2020-08,Stefan √Ölund,16
2020-08,Iain Billett,1
2020-08,Fredrik Adel√∂w,28
2020-08,dependabot-preview[bot],54
2020-08,NetPenguins,4
2020-08,Omer Farooq,12
2020-08,Rod Machen,1
2020-08,Jesse Alan Johnson,1
2020-08,ebarrios,13
2020-08,Ashok Manji,1
2020-08,Oliver Sand,17
2020-08,Tim Jacomb,9
2020-08,Nikita Nek Dudnik,4
2020-08,Govindarajan Nagarajan,12
2020-08,Sebastian Qvarfordt,12
2020-08,Raghunandan,11
2020-08,Twisha Saraiya,2
2020-08,Joel Low,1
2020-08,Jeff Feng,1
2020-08,Marc Bruggmann,1
2020-08,Chris Simmons,4
2020-08,Mustansar Anwar ul Samad,1
2020-08,Paul Pacheco,4
2020-08,MarceloLeite2604,1
2020-08,Nikita Dudnik,2
2020-08,toban@dfds.com,7
2020-08,Kat Zhou,3
2020-08,David Tuite,4
2020-08,Tobias Andersen,3
2020-08,Dominik Henneke,5
2020-08,Perry Manuk,1
2020-08,Niklas Ek,1
2020-08,Tim Hansen,1
2020-08,blam,78
2020-08,Govind,1
2020-08,Raghunandan Balachandran,1
2020-08,msamad,1
2020-08,althaf.hameez,3
2020-08,Kinga Sieminiak,5
2020-08,Mijail Rond√≥n,1
2020-08,Ben Lambert,2
2020-08,Rogerio Angeliski,2
2020-08,Tim Wheeler,1
2020-08,Jesko Steinberg,1
2020-08,Adhita Selvaraj,1
2020-08,Ljupcho Kotev,1
2020-08,Tomek Fabisiak,1
2020-09,Navaneeth Suresh,4
2020-09,Marcus Eide,41
2020-09,Iain Billett,9
2020-09,Patrik Oldsberg,139
2020-09,Brenda Sukh,2
2020-09,Matthew Clarke,6
2020-09,Fredrik Adel√∂w,34
2020-09,Kat Zhou,4
2020-09,Dominik Henneke,6
2020-09,Himanshu Mishra,36
2020-09,Joel Low,1
2020-09,Stefan √Ölund,24
2020-09,dependabot[bot],11
2020-09,James Wen,1
2020-09,Tim,3
2020-09,Shashank Bairy R,5
2020-09,Samira Mokaram,16
2020-09,Oliver Sand,13
2020-09,Andrew Thauer,5
2020-09,Ivan Shmidt,35
2020-09,Ryan Vazquez,6
2020-09,blam,29
2020-09,Marek Calus,2
2020-09,Mattias Frinnstr√∂m,3
2020-09,ebarrios,30
2020-09,Mayurs,1
2020-09,Patrick Balestra,1
2020-09,J Shamsul Bahri (jibone)),17
2020-09,Emma Indal,17
2020-09,Julien Lind,2
2020-09,R√©mi DOREAU,23
2020-09,Roberto Devesa,1
2020-09,Sebastian Qvarfordt,15
2020-09,Raghunandan,5
2020-09,Jesse Alan Johnson,2
2020-09,Adam Shurson,2
2020-09,Tim Jacomb,25
2020-09,Alisina Bahadori,3
2020-09,Omer Farooq,3
2020-09,Patrick Rachford,1
2020-09,Fabian Chong,24
2020-09,Perry Manuk,1
2020-09,David Tuite,4
2020-09,Bj√∂rn Marschollek,4
2020-09,Taras Mankovski,21
2020-09,Rajiv Ranjan Singh,11
2020-09,Rajiv Singh,4
2020-09,Sharvilak,1
2020-09,Alex Landovskis,1
2020-09,NetPenguins,9
2020-09,Joel Lau,1
2020-09,Gary Niemen,2
2020-09,dependabot-preview[bot],14
2020-09,Eduardo Ram√≠rez,1
2020-09,Jacob Valdemar,2
2020-09,nikek,2
2020-09,alandovskis,1
2020-09,AlleyWei,3
2020-09,Ilya Lyamkin,1
2020-09,Kinga Sieminiak,2
2020-09,Esteban Barrios,1
2020-09,davidamitchell,1
2020-09,R√©mi Doreau,1
2020-09,o-farooq,1
2020-09,Philipp Hugenroth,2
2020-09,althaf.hameez,1
2020-07,blam,55
2020-07,dependabot-preview[bot],14
2020-07,Dominik Henneke,10
2020-07,Oliver Sand,6
2020-07,Tim Jacomb,4
2020-07,Andrew Thauer,9
2020-07,Patrik Oldsberg,64
2020-07,R√©mi DOREAU,5
2020-07,Pia Nilsson,1
2020-07,David J Sykes,2
2020-07,Bodil Bj√∂rklund,1
2020-07,Paul Pacheco,7
2020-07,Govindarajan Nagarajan,1
2020-07,David Sykes,6
2020-07,Twisha Saraiya,5
2020-07,ellinors,14
2020-07,Sebastian Qvarfordt,36
2020-07,ebarrios,14
2020-07,Ivan Shmidt,37
2020-07,Nikita Nek Dudnik,17
2020-07,Emma Indal,27
2020-07,Raghunandan,4
2020-07,Ben Lambert,9
2020-07,jaime-talkdesk,2
2020-07,Fidel Coria,6
2020-07,Forrest Waters,2
2020-07,David Tuite,4
2020-07,Stefan √Ölund,10
2020-07,K√©vin Gomez,1
2020-07,Alex Viscreanu,1
2020-07,Jaime Mendes,1
2020-07,Jesko Steinberg,2
2020-07,Tim Urista,11
2020-07,Nikita Dudnik,1
2020-07,Tim Chepeleff,1
2020-07,German Rodriguez,1
2020-07,Roy Jacobs,1
2020-07,ZaradarDFDS,1
2020-07,Bilawal Hameed,31
2020-07,Benjamin Rowell,1
2020-07,danztran,11
2020-07,Emil H. Clausen,1
2020-07,toban@dfds.com,1
2020-07,Daniel Johansson,2
2020-07,morrme,1
2020-07,0xflotus,1
2020-07,Jannik Hell,1
2020-07,Jo√£o Suzana Ferreira,1
2020-07,David Dyball,2
2020-07,Fredrik Adel√∂w,5
2020-07,ellieseastream,3
2020-06,David Tuite,2
2020-06,Patrik Oldsberg,202
2020-06,Christina Marie Rahaim,1
2020-06,Tim Urista,1
2020-06,David Dyball,5
2020-06,ellieseastream,3
2020-06,Sebastian Qvarfordt,54
2020-06,Ivan Shmidt,63
2020-06,blam,96
2020-06,tudi2d,5
2020-06,Fredrik Adel√∂w,78
2020-06,Raghunandan,25
2020-06,ellinors,2
2020-06,Emma Indal,29
2020-06,Nicholas Pirrello,12
2020-06,dependabot-preview[bot],49
2020-06,Jeff Feng,2
2020-06,Raghunandan Balachandran,2
2020-06,Remy DeCausemaker,2
2020-06,danztran,7
2020-06,Nikita Nek Dudnik,39
2020-06,Stefan √Ölund,29
2020-06,Bilawal Hameed,42
2020-06,HamzaBoukraa,1
2020-06,Rob Tirserio,3
2020-06,R√©mi DOREAU,12
2020-06,Marcus Eide,16
2020-06,Daniel Davis,1
2020-06,Lee Mills,1
2020-06,Nikki Beesetti,3
2020-06,Wesley Yee,1
2020-06,Jacob Wejendorp,1
2020-06,ewnd9,1
2020-06,Chanwit Kaewkasi,5
2020-06,Ben Lambert,4
2020-06,Niklas Ek,1
2020-06,Jordi Polo,2
2020-06,nikek,4
2020-06,Benjamin Rowell,1
2020-06,Nathan Calvank,1
2020-06,Burhanuddin Udaipurwala,1
2020-06,Kat Zhou,1
2020-06,Nat Burgwyn,1
2020-06,Marc Bruggmann,1
2020-05,Raghunandan,43
2020-05,Chanwit Kaewkasi,5
2020-05,Patrik Oldsberg,225
2020-05,Fredrik Adel√∂w,63
2020-05,dependabot-preview[bot],57
2020-05,Himanshu Mishra,19
2020-05,R√©mi DOREAU,1
2020-05,Ivan Shmidt,62
2020-05,Marcus Eide,10
2020-05,blam,11
2020-05,Nikita Nek Dudnik,57
2020-05,Marc Bruggmann,1
2020-05,Stefan √Ölund,17
2020-05,Govind Goel,1
2020-05,Bilawal Hameed,11
2020-05,mutugiii,1
2020-05,Adil Alimbetov,3
2020-05,Niklas Ek,2
2020-05,Ben Lambert,1
2020-05,R√©mi Doreau,2
2020-05,Mutugi,1
2020-05,Alex Eftimie,1
2020-05,Sebastian Qvarfordt,3
2020-05,Wojciech Adaszynski,9
2020-05,Remy DeCausemaker,1
2020-05,nikek,5
2020-05,Victor Viale,2
2020-05,Nick Noble,1
2020-05,Wojciech Adaszy≈Ñski,4
2020-05,Kat Zhou,1
2020-05,KoukiNishihara,2
2020-05,Nathan Calvank,1
2020-05,Wesley Yee,2
2020-05,Jose Balanza Martinez,1
2020-05,Conal Cosgrove,1
2020-04,Fredrik Adel√∂w,15
2020-04,Patrik Oldsberg,163
2020-04,Emma Indal,1
2020-04,Ivan Shmidt,5
2020-04,Nikita Nek Dudnik,2
2020-04,K√©vin Gomez,1
2020-04,eywoon,1
2020-04,blam,13
2020-04,Stefan √Ölund,29
2020-04,Jose Balanza Martinez,12
2020-04,Bilawal Hameed,22
2020-04,Victor Viale,2
2020-04,Wesley Yee,2
2020-04,Muhammad Rivki,2
2020-04,nikek,11
2020-04,Himanshu Mishra,20
2020-04,Marcus Eide,30
2020-04,Ruairi O Brien,4
2020-04,Ruair√≠ O'Brien,1
2020-04,Sebastian Qvarfordt,7
2020-04,Leo Mendez,19
2020-04,Jason Walker,2
2020-04,Kat Zhou,10
2020-04,Paul Marbach,6
2020-04,Raghunandan,1
2020-04,Mateus Marquezini,1
2020-04,hugomartinez,1
2020-04,Alexander Forselius,2
2020-04,Vern Burton,1
2020-03,nikek,17
2020-03,Raghunandan,13
2020-03,Marcus Eide,28
2020-03,Patrik Oldsberg,143
2020-03,Guillaume Lamanda,3
2020-03,Jose Balanza Martinez,7
2020-03,Bilawal Hameed,36
2020-03,Alexander Forselius,1
2020-03,Fredrik Adel√∂w,28
2020-03,SrdjanCosicPrica,2
2020-03,Stefan √Ölund,65
2020-03,Sebastian Qvarfordt,3
2020-03,Szymon Graczyk,3
2020-03,Mateus Marquezini,17
2020-03,Ahmet Soormally,1
2020-03,Vern Burton,6
2020-03,Paul Marbach,1
2020-03,Muhammad Rivki,12
2020-03,Majd,1
2020-03,AndreasAugustin,2
2020-03,Adam Laiacano,1
2020-03,inductor,8
2020-03,Zen Tang,1
2020-03,Phil Wolff,1
2020-03,Niklas,1
2020-03,Jim Haughwout,2
2020-03,dependabot[bot],1
2020-03,JD Welch,2
2020-02,Stefan √Ölund,24
2020-02,Patrik Oldsberg,101
2020-02,Raghunandan,4
2020-02,Fredrik Adel√∂w,10
2020-02,Marcus Eide,4
2020-02,Yasa Akbulut,2
2020-02,Raghunandan Balachandran,30
2020-02,blam,25
2020-02,Bilawal Hameed,32
2020-02,Jefferson Gir√£o,28
2020-02,Nicola Corti,11
2020-02,Ochieng' Got,2
2020-02,Patrick Balestra,6
2020-02,JD Welch,2
2020-01,Raghunandan Balachandran,4
2020-01,Patrik Oldsberg,2
2020-01,Stefan √Ölund,1